CountryID,TransTypeID,VehTypeID,MassCatID,TOT_Stock
9,1,3,1,409536.99999406596
9,1,3,2,107103.000001578
9,1,3,3,15765.999999560998
9,1,4,11,49999.9999982
9,1,4,13,10041.000000295
9,1,4,12,49999.999997
9,1,2,4,539769.0
9,1,6,31,359.646096048352
9,1,6,32,1975.1783764560003
9,1,6,33,207.55595523516
9,1,6,34,3.999784
9,1,8,41,17.508653562821237
9,1,8,42,155.40158148614225
9,1,8,43,160.01429108614224
9,1,8,44,49.31069826762413
9,1,8,45,1.6463196760121037
9,2,3,11,41733.99999908
9,2,3,21,38301.000000201
9,2,5,11,12506.99999893
9,2,5,21,25014.00000153
9,2,5,22,42136.000000009
9,2,5,23,15655.92499996
9,2,6,32,282.85910745592
9,2,7,51,136.00251717642305
9,2,7,52,64.39748856235488
9,2,8,42,12.24428787029953
9,2,8,43,35.24177462650626
9,2,8,44,11.74778621549822
